title,link,author,date
[問卦] 16萬8 天堂能當課長嗎？？,/bbs/Gossiping/M.1782018240.A.278.html,qqq87112,6/21
[問卦] 當年跟粉絲合照完馬上變臉，是神預言吧？,/bbs/Gossiping/M.1782018263.A.330.html,rattrapante,6/21
[新聞] 招50攤只來7攤！台南端午市集空蕩蕩　攤,/bbs/Gossiping/M.1782018300.A.DD5.html,coon182,6/21
[問卦] 華航員工幸福嗎?,/bbs/Gossiping/M.1782018320.A.DE2.html,pinkbest,6/21
[問卦] 原來中國結婚也是很花錢的喔,/bbs/Gossiping/M.1782018372.A.731.html,NUMB43,6/21
Re: [問卦] 春水堂7百太貴 網：女兒要富養,/bbs/Gossiping/M.1782018457.A.BF1.html,pauljet,6/21
Re: [問卦] 鮮乳明明沒變貴 還變便宜！誰帶的風向,/bbs/Gossiping/M.1782018461.A.901.html,brass,6/21
[問卦]PTT鄉民有創業成功的嗎？,/bbs/Gossiping/M.1782018474.A.683.html,locdan,6/21
[問卦] 台灣就是物價貴薪資低有什麼好反駁?,/bbs/Gossiping/M.1782018490.A.A14.html,dennistao,6/21
Re: [問卦] 脆：台灣乳業成本世界第二高,/bbs/Gossiping/M.1782018515.A.B25.html,DarkHolbach,6/21
Re: [新聞] 中國人Threads發文酸「重慶超車台北10年,/bbs/Gossiping/M.1782018636.A.031.html,OROCHI97,6/21
[問卦] 為啥沒看過國內線空服發執勤的一日？,/bbs/Gossiping/M.1782018697.A.183.html,js52666,6/21
[問卦] 牛奶你不喝我不喝 怕什麼,/bbs/Gossiping/M.1782018768.A.55B.html,x747,6/21
[問卦] 啃老啃到52歲 超爽吧？,/bbs/Gossiping/M.1782018845.A.6E9.html,ncc5566,6/21
[公告] 豐川祥子誕生日八卦板主徵選報名開始,/bbs/Gossiping/M.1771040474.A.61B.html,ubcs,2/14
[公告] 八卦板板規(2026.02.21),/bbs/Gossiping/M.1771671779.A.6ED.html,ubcs,2/21
[公告] 【八卦美學獎】梗圖吐槽，共鳴豹紋笑翻！,/bbs/Gossiping/M.1761980569.A.84C.html,August2006,11/01
